{"A":[{"cname":"阿拉善右旗","ename":"alashanyouqi","short":"alsyq","code":"RHT","countryCode":"CN","countryName":"中国","firstLetter":"A"},{"cname":"安庆","ename":"anqing","short":"aq","code":"AQG","countryCode":"CN","countryName":"中国","firstLetter":"A"},{"cname":"阿拉善左旗","ename":"alashanzuoqi","short":"alszq","code":"AXF","countryCode":"CN","countryName":"中国","firstLetter":"A"},{"cname":"阿尔山","ename":"aershan","short":"aes","code":"YIE","countryCode":"CN","countryName":"中国","firstLetter":"A"},{"cname":"阿勒泰","ename":"aletai","short":"alt","code":"AAT","countryCode":"CN","countryName":"中国","firstLetter":"A"},{"cname":"安康","ename":"ankang","short":"ak","code":"AKA","countryCode":"CN","countryName":"中国","firstLetter":"A"},{"cname":"阿里","ename":"ali","short":"al","code":"NGQ","countryCode":"CN","countryName":"中国","firstLetter":"A"},{"cname":"阿克苏","ename":"akesu","short":"aks","code":"AKU","countryCode":"CN","countryName":"中国","firstLetter":"A"},{"cname":"安顺","ename":"anshun","short":"as","code":"AVA","countryCode":"CN","countryName":"中国","firstLetter":"A"},{"cname":"鞍山","ename":"anshan","short":"as","code":"AOG","countryCode":"CN","countryName":"中国","firstLetter":"A"}],"B":[{"cname":"北京","ename":"beijing","short":"bj","code":"PEK","countryCode":"CN","countryName":"中国","firstLetter":"B"},{"cname":"北京南苑","ename":"beijingnanyuan","short":"bjny","code":"NAY","countryCode":"CN","countryName":"中国","firstLetter":"B"},{"cname":"北京首都","ename":"beijingshoudu","short":"bjsd","code":"PEK","countryCode":"CN","countryName":"中国","firstLetter":"B"},{"cname":"毕节","ename":"bijie","short":"bj","code":"BFJ","countryCode":"CN","countryName":"中国","firstLetter":"B"},{"cname":"白城","ename":"baicheng","short":"bc","code":"DBC","countryCode":"CN","countryName":"中国","firstLetter":"B"},{"cname":"巴彦淖尔","ename":"bayannaoer","short":"byne","code":"RLK","countryCode":"CN","countryName":"中国","firstLetter":"B"},{"cname":"包头","ename":"baotou","short":"bt","code":"BAV","countryCode":"CN","countryName":"中国","firstLetter":"B"},{"cname":"百色","ename":"baise","short":"bs","code":"AEB","countryCode":"CN","countryName":"中国","firstLetter":"B"},{"cname":"博乐","ename":"bole","short":"bl","code":"BPL","countryCode":"CN","countryName":"中国","firstLetter":"B"},{"cname":"博鳌","ename":"boao","short":"ba","code":"BAR","countryCode":"CN","countryName":"中国","firstLetter":"B"},{"cname":"保山","ename":"baoshan","short":"bs","code":"BSD","countryCode":"CN","countryName":"中国","firstLetter":"B"},{"cname":"北海","ename":"beihai","short":"bh","code":"BHY","countryCode":"CN","countryName":"中国","firstLetter":"B"}],"C":[{"cname":"成都","ename":"chengdu","short":"cd","code":"CTU","countryCode":"CN","countryName":"中国","firstLetter":"C"},{"cname":"长沙","ename":"changsha","short":"cs","code":"CSX","countryCode":"CN","countryName":"中国","firstLetter":"C"},{"cname":"重庆","ename":"chongqing","short":"cq","code":"CKG","countryCode":"CN","countryName":"中国","firstLetter":"C"},{"cname":"承德","ename":"chengde","short":"cd","code":"CDE","countryCode":"CN","countryName":"中国","firstLetter":"C"},{"cname":"承德","ename":"chengde","short":"cd","code":"CDE","countryCode":"CN","countryName":"中国","firstLetter":"C"},{"cname":"沧源","ename":"cangyuan","short":"cy","code":"CWJ","countryCode":"CN","countryName":"中国","firstLetter":"C"},{"cname":"池州","ename":"chizhou","short":"cz","code":"JUH","countryCode":"CN","countryName":"中国","firstLetter":"C"},{"cname":"赤峰","ename":"chifeng","short":"cf","code":"CIF","countryCode":"CN","countryName":"中国","firstLetter":"C"},{"cname":"长海","ename":"changhai","short":"ch","code":"CNI","countryCode":"CN","countryName":"中国","firstLetter":"C"},{"cname":"长治","ename":"changzhi","short":"cz","code":"CIH","countryCode":"CN","countryName":"中国","firstLetter":"C"},{"cname":"长白山","ename":"changbaishan","short":"cbs","code":"NBS","countryCode":"CN","countryName":"中国","firstLetter":"C"},{"cname":"昌都","ename":"changdu","short":"cd","code":"BPX","countryCode":"CN","countryName":"中国","firstLetter":"C"},{"cname":"常德","ename":"changde","short":"cd","code":"CGD","countryCode":"CN","countryName":"中国","firstLetter":"C"},{"cname":"朝阳","ename":"chaoyang","short":"cy","code":"CHG","countryCode":"CN","countryName":"中国","firstLetter":"C"},{"cname":"长春","ename":"changchun","short":"cc","code":"CGQ","countryCode":"CN","countryName":"中国","firstLetter":"C"},{"cname":"常州","ename":"changzhou","short":"cz","code":"CZX","countryCode":"CN","countryName":"中国","firstLetter":"C"}],"D":[{"cname":"大连","ename":"dalian","short":"dl","code":"DLC","countryCode":"CN","countryName":"中国","firstLetter":"D"},{"cname":"丹东","ename":"dandong","short":"dd","code":"DDG","countryCode":"CN","countryName":"中国","firstLetter":"D"},{"cname":"东营","ename":"dongying","short":"dy","code":"DOY","countryCode":"CN","countryName":"中国","firstLetter":"D"},{"cname":"敦煌","ename":"dunhuang","short":"dh","code":"DNH","countryCode":"CN","countryName":"中国","firstLetter":"D"},{"cname":"稻城","ename":"daocheng","short":"dc","code":"DCY","countryCode":"CN","countryName":"中国","firstLetter":"D"},{"cname":"迪庆","ename":"diqing","short":"dq","code":"DIG","countryCode":"CN","countryName":"中国","firstLetter":"D"},{"cname":"德令哈","ename":"delingha","short":"dlh","code":"HXD","countryCode":"CN","countryName":"中国","firstLetter":"D"},{"cname":"大同","ename":"datong","short":"dt","code":"DAT","countryCode":"CN","countryName":"中国","firstLetter":"D"},{"cname":"达州","ename":"dazhou","short":"dz","code":"DAX","countryCode":"CN","countryName":"中国","firstLetter":"D"},{"cname":"大庆","ename":"daqing","short":"dq","code":"DQA","countryCode":"CN","countryName":"中国","firstLetter":"D"},{"cname":"大理","ename":"dali","short":"dl","code":"DLU","countryCode":"CN","countryName":"中国","firstLetter":"D"}],"E":[{"cname":"鄂尔多斯","ename":"eerduosi","short":"eeds","code":"DSN","countryCode":"CN","countryName":"中国","firstLetter":"E"},{"cname":"额济纳","ename":"ejina","short":"ejn","code":"EJN","countryCode":"CN","countryName":"中国","firstLetter":"E"},{"cname":"二连浩特","ename":"erlianhaote","short":"elht","code":"ERL","countryCode":"CN","countryName":"中国","firstLetter":"E"},{"cname":"恩施","ename":"enshi","short":"es","code":"ENH","countryCode":"CN","countryName":"中国","firstLetter":"E"}],"F":[{"cname":"佛山","ename":"foshan","short":"fs","code":"FUO","countryCode":"CN","countryName":"中国","firstLetter":"F"},{"cname":"福州","ename":"fuzhou","short":"fz","code":"FOC","countryCode":"CN","countryName":"中国","firstLetter":"F"},{"cname":"阜阳","ename":"fuyang","short":"fy","code":"FUG","countryCode":"CN","countryName":"中国","firstLetter":"F"},{"cname":"抚远","ename":"fuyuan","short":"fy","code":"FYJ","countryCode":"CN","countryName":"中国","firstLetter":"F"},{"cname":"富蕴","ename":"fuyun","short":"fy","code":"FYN","countryCode":"CN","countryName":"中国","firstLetter":"F"}],"G":[{"cname":"广州","ename":"guangzhou","short":"gz","code":"CAN","countryCode":"CN","countryName":"中国","firstLetter":"G"},{"cname":"贵阳","ename":"guiyang","short":"gy","code":"KWE","countryCode":"CN","countryName":"中国","firstLetter":"G"},{"cname":"固原","ename":"guyuan","short":"gy","code":"GYU","countryCode":"CN","countryName":"中国","firstLetter":"G"},{"cname":"格尔木","ename":"grermu","short":"gem","code":"GOQ","countryCode":"CN","countryName":"中国","firstLetter":"G"},{"cname":"广元","ename":"guangyuan","short":"gy","code":"GYS","countryCode":"CN","countryName":"中国","firstLetter":"G"},{"cname":"桂林","ename":"guilin","short":"gl","code":"KWL","countryCode":"CN","countryName":"中国","firstLetter":"G"},{"cname":"赣州","ename":"ganzhou","short":"gz","code":"KOW","countryCode":"CN","countryName":"中国","firstLetter":"G"},{"cname":"果洛","ename":"guoluo","short":"gl","code":"GMQ","countryCode":"CN","countryName":"中国","firstLetter":"G"}],"H":[{"cname":"杭州","ename":"hangzhou","short":"hz","code":"HGH","countryCode":"CN","countryName":"中国","firstLetter":"H"},{"cname":"哈尔滨","ename":"haerbin","short":"heb","code":"HRB","countryCode":"CN","countryName":"中国","firstLetter":"H"},{"cname":"呼和浩特","ename":"huhehaote","short":"hhht","code":"HET","countryCode":"CN","countryName":"中国","firstLetter":"H"},{"cname":"红原","ename":"hongyuan","short":"hy","code":"AHJ","countryCode":"CN","countryName":"中国","firstLetter":"H"},{"cname":"合肥","ename":"hefei","short":"hf","code":"HFE","countryCode":"CN","countryName":"中国","firstLetter":"H"},{"cname":"黄山","ename":"huangshan","short":"hs","code":"TXN","countryCode":"CN","countryName":"中国","firstLetter":"H"},{"cname":"惠州","ename":"huizhou","short":"hz","code":"HUZ","countryCode":"CN","countryName":"中国","firstLetter":"H"},{"cname":"黄岩","ename":"huangyan","short":"hy","code":"HYN","countryCode":"CN","countryName":"中国","firstLetter":"H"},{"cname":"海拉尔","ename":"hailaer","short":"hle","code":"HLD","countryCode":"CN","countryName":"中国","firstLetter":"H"},{"cname":"汉中","ename":"hanzhong","short":"hz","code":"HZG","countryCode":"CN","countryName":"中国","firstLetter":"H"},{"cname":"海口","ename":"haikou","short":"hk","code":"HAK","countryCode":"CN","countryName":"中国","firstLetter":"H"},{"cname":"哈密","ename":"hami","short":"hm","code":"HMI","countryCode":"CN","countryName":"中国","firstLetter":"H"},{"cname":"和田","ename":"hetian","short":"ht","code":"HTN","countryCode":"CN","countryName":"中国","firstLetter":"H"},{"cname":"河池","ename":"hechi","short":"hc","code":"HCJ","countryCode":"CN","countryName":"中国","firstLetter":"H"},{"cname":"黑河","ename":"heihe","short":"hh","code":"HEK","countryCode":"CN","countryName":"中国","firstLetter":"H"},{"cname":"邯郸","ename":"handan","short":"hd","code":"HDG","countryCode":"CN","countryName":"中国","firstLetter":"H"},{"cname":"衡阳","ename":"hengyang","short":"hy","code":"HNY","countryCode":"CN","countryName":"中国","firstLetter":"H"},{"cname":"怀化","ename":"huaihua","short":"hh","code":"HJJ","countryCode":"CN","countryName":"中国","firstLetter":"H"},{"cname":"淮安","ename":"huaian","short":"ha","code":"HIA","countryCode":"CN","countryName":"中国","firstLetter":"H"},{"cname":"花土沟","ename":"huatugou","short":"htg","code":"HTT","countryCode":"CN","countryName":"中国","firstLetter":"H"},{"cname":"霍林郭勒","ename":"huolinguole","short":"hlgl","code":"HUO","countryCode":"CN","countryName":"中国","firstLetter":"H"}],"I":[],"J":[{"cname":"晋江","ename":"jinjiang","short":"jj","code":"JJN","countryCode":"CN","countryName":"中国","firstLetter":"J"},{"cname":"荆州","ename":"jingzhou","short":"jz","code":"SHS","countryCode":"CN","countryName":"中国","firstLetter":"J"},{"cname":"锦州","ename":"jinzhou","short":"jz","code":"JNZ","countryCode":"CN","countryName":"中国","firstLetter":"J"},{"cname":"济宁","ename":"jining","short":"jn","code":"JNG","countryCode":"CN","countryName":"中国","firstLetter":"J"},{"cname":"揭阳","ename":"jieyang","short":"jy","code":"SWA","countryCode":"CN","countryName":"中国","firstLetter":"J"},{"cname":"嘉峪关","ename":"jiayuguan","short":"jyg","code":"JGN","countryCode":"CN","countryName":"中国","firstLetter":"J"},{"cname":"金昌","ename":"jinchang","short":"jc","code":"JIC","countryCode":"CN","countryName":"中国","firstLetter":"J"},{"cname":"建三江","ename":"jiansanjiang","short":"jsj","code":"JSJ","countryCode":"CN","countryName":"中国","firstLetter":"J"},{"cname":"井冈山","ename":"jinggangshan","short":"jgs","code":"JGS","countryCode":"CN","countryName":"中国","firstLetter":"J"},{"cname":"加格达奇","ename":"jiagedaqi","short":"jgdq","code":"JGD","countryCode":"CN","countryName":"中国","firstLetter":"J"},{"cname":"九寨沟","ename":"jiuzhaigou","short":"jzg","code":"JZH","countryCode":"CN","countryName":"中国","firstLetter":"J"},{"cname":"鸡西","ename":"jixi","short":"jx","code":"JXA","countryCode":"CN","countryName":"中国","firstLetter":"J"},{"cname":"佳木斯","ename":"jiamusi","short":"jms","code":"JMU","countryCode":"CN","countryName":"中国","firstLetter":"J"},{"cname":"景德镇","ename":"jingdezhen","short":"jdz","code":"JDZ","countryCode":"CN","countryName":"中国","firstLetter":"J"},{"cname":"九江","ename":"jiujiang","short":"jj","code":"JIU","countryCode":"CN","countryName":"中国","firstLetter":"J"},{"cname":"济南","ename":"jinan","short":"jn","code":"TNA","countryCode":"CN","countryName":"中国","firstLetter":"J"}],"K":[{"cname":"昆明","ename":"kunming","short":"km","code":"KMG","countryCode":"CN","countryName":"中国","firstLetter":"K"},{"cname":"凯里","ename":"kaili","short":"kl","code":"KJH","countryCode":"CN","countryName":"中国","firstLetter":"K"},{"cname":"库车","ename":"kuche","short":"kc","code":"KCA","countryCode":"CN","countryName":"中国","firstLetter":"K"},{"cname":"库尔勒","ename":"kuerle","short":"kel","code":"KRL","countryCode":"CN","countryName":"中国","firstLetter":"K"},{"cname":"喀纳斯","ename":"kanasi","short":"kns","code":"KJI","countryCode":"CN","countryName":"中国","firstLetter":"K"},{"cname":"康定","ename":"kangding","short":"kd","code":"KGT","countryCode":"CN","countryName":"中国","firstLetter":"K"},{"cname":"喀什","ename":"kashi","short":"ks","code":"KHG","countryCode":"CN","countryName":"中国","firstLetter":"K"},{"cname":"克拉玛依","ename":"kelamayi","short":"klmy","code":"KRY","countryCode":"CN","countryName":"中国","firstLetter":"K"}],"L":[{"cname":"龙岩","ename":"longyan","short":"ly","code":"LCX","countryCode":"CN","countryName":"中国","firstLetter":"L"},{"cname":"临沂","ename":"linyi","short":"ly","code":"LYI","countryCode":"CN","countryName":"中国","firstLetter":"L"},{"cname":"兰州","ename":"lanzhou","short":"lz","code":"LHW","countryCode":"CN","countryName":"中国","firstLetter":"L"},{"cname":"澜沧","ename":"lancang","short":"lc","code":"JMJ","countryCode":"CN","countryName":"中国","firstLetter":"L"},{"cname":"临汾","ename":"linfen","short":"lf","code":"LFQ","countryCode":"CN","countryName":"中国","firstLetter":"L"},{"cname":"陇南","ename":"longnan","short":"ln","code":"LNL","countryCode":"CN","countryName":"中国","firstLetter":"L"},{"cname":"荔波","ename":"libo","short":"lb","code":"LLB","countryCode":"CN","countryName":"中国","firstLetter":"L"},{"cname":"丽江","ename":"lijiang","short":"lj","code":"LJG","countryCode":"CN","countryName":"中国","firstLetter":"L"},{"cname":"临沧","ename":"lincang","short":"lc","code":"LNJ","countryCode":"CN","countryName":"中国","firstLetter":"L"},{"cname":"吕梁","ename":"lvliang","short":"ll","code":"LLV","countryCode":"CN","countryName":"中国","firstLetter":"L"},{"cname":"泸州","ename":"luzhou","short":"lz","code":"LZO","countryCode":"CN","countryName":"中国","firstLetter":"L"},{"cname":"六盘水","ename":"liupanshui","short":"lps","code":"LPF","countryCode":"CN","countryName":"中国","firstLetter":"L"},{"cname":"黎平","ename":"liping","short":"lp","code":"HZH","countryCode":"CN","countryName":"中国","firstLetter":"L"},{"cname":"洛阳","ename":"luoyang","short":"ly","code":"LYA","countryCode":"CN","countryName":"中国","firstLetter":"L"},{"cname":"拉萨","ename":"lasa","short":"ls","code":"LXA","countryCode":"CN","countryName":"中国","firstLetter":"L"},{"cname":"林芝","ename":"linzhi","short":"lz","code":"LZY","countryCode":"CN","countryName":"中国","firstLetter":"L"},{"cname":"柳州","ename":"liuzhou","short":"lz","code":"LZH","countryCode":"CN","countryName":"中国","firstLetter":"L"},{"cname":"庐山","ename":"lushan","short":"ls","code":"JIU","countryCode":"CN","countryName":"中国","firstLetter":"L"},{"cname":"连云港","ename":"lianyungang","short":"lyg","code":"LYG","countryCode":"CN","countryName":"中国","firstLetter":"L"}],"M":[{"cname":"满洲里","ename":"manzhouli","short":"mzl","code":"NZH","countryCode":"CN","countryName":"中国","firstLetter":"M"},{"cname":"梅县","ename":"meixian","short":"mx","code":"MXZ","countryCode":"CN","countryName":"中国","firstLetter":"M"},{"cname":"芒市","ename":"mangshi","short":"ms","code":"LUM","countryCode":"CN","countryName":"中国","firstLetter":"M"},{"cname":"绵阳","ename":"mianyang","short":"my","code":"MIG","countryCode":"CN","countryName":"中国","firstLetter":"M"},{"cname":"漠河","ename":"mohe","short":"mh","code":"OHE","countryCode":"CN","countryName":"中国","firstLetter":"M"},{"cname":"牡丹江","ename":"mudanjiang","short":"mdj","code":"MDG","countryCode":"CN","countryName":"中国","firstLetter":"M"}],"N":[{"cname":"南京","ename":"nanjing","short":"nj","code":"NKG","countryCode":"CN","countryName":"中国","firstLetter":"N"},{"cname":"宁波","ename":"ningbo","short":"nb","code":"NGB","countryCode":"CN","countryName":"中国","firstLetter":"N"},{"cname":"宁蒗","ename":"ninglang","short":"nl","code":"NLH","countryCode":"CN","countryName":"中国","firstLetter":"N"},{"cname":"南充","ename":"nanchong","short":"nc","code":"NAO","countryCode":"CN","countryName":"中国","firstLetter":"N"},{"cname":"南阳","ename":"nanyang","short":"ny","code":"NNY","countryCode":"CN","countryName":"中国","firstLetter":"N"},{"cname":"新源","ename":"nalati","short":"nlt","code":"NLT","countryCode":"CN","countryName":"中国","firstLetter":"N"},{"cname":"南宁","ename":"nanning","short":"nn","code":"NNG","countryCode":"CN","countryName":"中国","firstLetter":"N"},{"cname":"南通","ename":"nantong","short":"nt","code":"NTG","countryCode":"CN","countryName":"中国","firstLetter":"N"},{"cname":"南昌","ename":"nanchang","short":"nc","code":"KHN","countryCode":"CN","countryName":"中国","firstLetter":"N"}],"O":[],"P":[{"cname":"普洱","ename":"puer","short":"pe","code":"SYM","countryCode":"CN","countryName":"中国","firstLetter":"P"},{"cname":"攀枝花","ename":"panzhihua","short":"pzh","code":"PZI","countryCode":"CN","countryName":"中国","firstLetter":"P"}],"Q":[{"cname":"青岛","ename":"qingdao","short":"qd","code":"TAO","countryCode":"CN","countryName":"中国","firstLetter":"Q"},{"cname":"泉州","ename":"quanzhou","short":"qz","code":"JJN","countryCode":"CN","countryName":"中国","firstLetter":"Q"},{"cname":"庆阳","ename":"qingyang","short":"qy","code":"IQN","countryCode":"CN","countryName":"中国","firstLetter":"Q"},{"cname":"且末","ename":"qiemo","short":"qm","code":"IQM","countryCode":"CN","countryName":"中国","firstLetter":"Q"},{"cname":"衢州","ename":"quzhou","short":"qz","code":"JUZ","countryCode":"CN","countryName":"中国","firstLetter":"Q"},{"cname":"黔江","ename":"qianjiang","short":"qj","code":"JIQ","countryCode":"CN","countryName":"中国","firstLetter":"Q"},{"cname":"齐齐哈尔","ename":"qiqihaer","short":"qqhe","code":"NDG","countryCode":"CN","countryName":"中国","firstLetter":"Q"},{"cname":"秦皇岛","ename":"qinhuangdao","short":"qhdbdh","code":"BPE","countryCode":"CN","countryName":"中国","firstLetter":"Q"}],"R":[{"cname":"若羌","ename":"ruoqiang","short":"rq","code":"RQA","countryCode":"CN","countryName":"中国","firstLetter":"R"},{"cname":"日照","ename":"rizhao","short":"rz","code":"RIZ","countryCode":"CN","countryName":"中国","firstLetter":"R"},{"cname":"日喀则","ename":"rikaze","short":"rkz","code":"RKZ","countryCode":"CN","countryName":"中国","firstLetter":"R"}],"S":[{"cname":"上海","ename":"shanghai","short":"sh","code":"SHA","countryCode":"CN","countryName":"中国","firstLetter":"S"},{"cname":"深圳","ename":"shenzhen","short":"sz","code":"SZX","countryCode":"CN","countryName":"中国","firstLetter":"S"},{"cname":"三亚","ename":"sanya","short":"sy","code":"SYX","countryCode":"CN","countryName":"中国","firstLetter":"S"},{"cname":"上海虹桥","ename":"shanghaihongqiao","short":"shhq","code":"SHA","countryCode":"CN","countryName":"中国","firstLetter":"S"},{"cname":"上海浦东","ename":"shanghaipudong","short":"shpd","code":"PVG","countryCode":"CN","countryName":"中国","firstLetter":"S"},{"cname":"沈阳","ename":"shenyang","short":"sy","code":"SHE","countryCode":"CN","countryName":"中国","firstLetter":"S"},{"cname":"上饶","ename":"shangrao","short":"sr","code":"SQD","countryCode":"CN","countryName":"中国","firstLetter":"S"},{"cname":"石河子","ename":"shihezi","short":"shz","code":"SHF","countryCode":"CN","countryName":"中国","firstLetter":"S"},{"cname":"石家庄","ename":"shijiazhuang","short":"sjz","code":"SJW","countryCode":"CN","countryName":"中国","firstLetter":"S"},{"cname":"神农架","ename":"shennongjia","short":"snj","code":"HPG","countryCode":"CN","countryName":"中国","firstLetter":"S"},{"cname":"邵阳","ename":"shaoyang","short":"sy","code":"WGN","countryCode":"CN","countryName":"中国","firstLetter":"S"},{"cname":"十堰","ename":"shiyan","short":"sy","code":"WDS","countryCode":"CN","countryName":"中国","firstLetter":"S"},{"cname":"三明","ename":"sanming","short":"sm","code":"SQJ","countryCode":"CN","countryName":"中国","firstLetter":"S"},{"cname":"莎车","ename":"shache","short":"sc","code":"QSZ","countryCode":"CN","countryName":"中国","firstLetter":"S"},{"cname":"松原","ename":"songyuan","short":"sy","code":"YSQ","countryCode":"CN","countryName":"中国","firstLetter":"S"}],"T":[{"cname":"天津","ename":"tianjin","short":"tj","code":"TSN","countryCode":"CN","countryName":"中国","firstLetter":"T"},{"cname":"太原","ename":"taiyuan","short":"ty","code":"TYN","countryCode":"CN","countryName":"中国","firstLetter":"T"},{"cname":"通辽","ename":"tongliao","short":"tl","code":"TGO","countryCode":"CN","countryName":"中国","firstLetter":"T"},{"cname":"天水","ename":"tianshui","short":"ts","code":"THQ","countryCode":"CN","countryName":"中国","firstLetter":"T"},{"cname":"台州","ename":"taizhou","short":"tz","code":"HYN","countryCode":"CN","countryName":"中国","firstLetter":"T"},{"cname":"腾冲","ename":"tengchong","short":"tc","code":"TCZ","countryCode":"CN","countryName":"中国","firstLetter":"T"},{"cname":"塔城","ename":"tacheng","short":"tc","code":"TCG","countryCode":"CN","countryName":"中国","firstLetter":"T"},{"cname":"铜仁","ename":"tongren","short":"tr","code":"TEN","countryCode":"CN","countryName":"中国","firstLetter":"T"},{"cname":"唐山","ename":"tangshan","short":"ts","code":"TVS","countryCode":"CN","countryName":"中国","firstLetter":"T"},{"cname":"吐鲁番","ename":"tulufan","short":"tlf","code":"TLQ","countryCode":"CN","countryName":"中国","firstLetter":"T"},{"cname":"泰州","ename":"taizhou","short":"tz","code":"YTY","countryCode":"CN","countryName":"中国","firstLetter":"T"},{"cname":"通化","ename":"tonghua","short":"th","code":"TNH","countryCode":"CN","countryName":"中国","firstLetter":"T"}],"U":[],"V":[],"W":[{"cname":"武汉","ename":"wuhan","short":"wh","code":"WUH","countryCode":"CN","countryName":"中国","firstLetter":"W"},{"cname":"温州","ename":"wenzhou","short":"wz","code":"WNZ","countryCode":"CN","countryName":"中国","firstLetter":"W"},{"cname":"乌兰察布","ename":"wulanchabu","short":"wlcb","code":"UCB","countryCode":"CN","countryName":"中国","firstLetter":"W"},{"cname":"威海","ename":"weihai","short":"wh","code":"WEH","countryCode":"CN","countryName":"中国","firstLetter":"W"},{"cname":"乌海","ename":"wuhai","short":"wh","code":"WUA","countryCode":"CN","countryName":"中国","firstLetter":"W"},{"cname":"乌兰浩特","ename":"wulanhaote","short":"wlht","code":"HLH","countryCode":"CN","countryName":"中国","firstLetter":"W"},{"cname":"文山","ename":"wenshan","short":"ws","code":"WNH","countryCode":"CN","countryName":"中国","firstLetter":"W"},{"cname":"潍坊","ename":"weifang","short":"wf","code":"WEF","countryCode":"CN","countryName":"中国","firstLetter":"W"},{"cname":"万州","ename":"wanzhou","short":"wz","code":"WXN","countryCode":"CN","countryName":"中国","firstLetter":"W"},{"cname":"武夷山","ename":"wuyishan","short":"wys","code":"WUS","countryCode":"CN","countryName":"中国","firstLetter":"W"},{"cname":"乌鲁木齐","ename":"wulumuqi","short":"wlmq","code":"URC","countryCode":"CN","countryName":"中国","firstLetter":"W"},{"cname":"梧州","ename":"wuzhou","short":"wz","code":"WUZ","countryCode":"CN","countryName":"中国","firstLetter":"W"},{"cname":"无锡","ename":"wuxi","short":"wx","code":"WUX","countryCode":"CN","countryName":"中国","firstLetter":"W"},{"cname":"五大连池","ename":"wudalianchi","short":"w","code":"DTU","countryCode":"CN","countryName":"中国","firstLetter":"W"}],"X":[{"cname":"西安","ename":"xian","short":"xa","code":"XIY","countryCode":"CN","countryName":"中国","firstLetter":"X"},{"cname":"厦门","ename":"xiamen","short":"xm","code":"XMN","countryCode":"CN","countryName":"中国","firstLetter":"X"},{"cname":"夏河","ename":"xiahe","short":"xh","code":"GXH","countryCode":"CN","countryName":"中国","firstLetter":"X"},{"cname":"西宁","ename":"xining","short":"xn","code":"XNN","countryCode":"CN","countryName":"中国","firstLetter":"X"},{"cname":"兴义","ename":"xingyi","short":"xy","code":"ACX","countryCode":"CN","countryName":"中国","firstLetter":"X"},{"cname":"锡林浩特","ename":"xilinhaote","short":"xlht","code":"XIL","countryCode":"CN","countryName":"中国","firstLetter":"X"},{"cname":"西双版纳","ename":"xishuangbanna","short":"xsbn","code":"JHG","countryCode":"CN","countryName":"中国","firstLetter":"X"},{"cname":"忻州","ename":"xinzhou","short":"xz","code":"WUT","countryCode":"CN","countryName":"中国","firstLetter":"X"},{"cname":"西昌","ename":"xichang","short":"xc","code":"XIC","countryCode":"CN","countryName":"中国","firstLetter":"X"},{"cname":"襄阳","ename":"xiangyang","short":"xy","code":"XFN","countryCode":"CN","countryName":"中国","firstLetter":"X"},{"cname":"徐州","ename":"xuzhou","short":"xz","code":"XUZ","countryCode":"CN","countryName":"中国","firstLetter":"X"}],"Y":[{"cname":"营口","ename":"yingkou","short":"yk","code":"YKH","countryCode":"CN","countryName":"中国","firstLetter":"Y"},{"cname":"银川","ename":"yinchuan","short":"yc","code":"INC","countryCode":"CN","countryName":"中国","firstLetter":"Y"},{"cname":"玉树","ename":"yushu","short":"ys","code":"YUS","countryCode":"CN","countryName":"中国","firstLetter":"Y"},{"cname":"延吉","ename":"yanji","short":"yj","code":"YNJ","countryCode":"CN","countryName":"中国","firstLetter":"Y"},{"cname":"烟台","ename":"yantai","short":"yt","code":"YNT","countryCode":"CN","countryName":"中国","firstLetter":"Y"},{"cname":"伊宁","ename":"yining","short":"yn","code":"YIN","countryCode":"CN","countryName":"中国","firstLetter":"Y"},{"cname":"运城","ename":"yuncheng","short":"yc","code":"YCU","countryCode":"CN","countryName":"中国","firstLetter":"Y"},{"cname":"义乌","ename":"yiwu","short":"yw","code":"YIW","countryCode":"CN","countryName":"中国","firstLetter":"Y"},{"cname":"宜宾","ename":"yibin","short":"yb","code":"YBP","countryCode":"CN","countryName":"中国","firstLetter":"Y"},{"cname":"伊春","ename":"yichun","short":"yc","code":"LDS","countryCode":"CN","countryName":"中国","firstLetter":"Y"},{"cname":"延安","ename":"yanan","short":"ya","code":"ENY","countryCode":"CN","countryName":"中国","firstLetter":"Y"},{"cname":"榆林","ename":"yulin","short":"yl","code":"UYN","countryCode":"CN","countryName":"中国","firstLetter":"Y"},{"cname":"宜昌","ename":"yichang","short":"yc","code":"YIH","countryCode":"CN","countryName":"中国","firstLetter":"Y"},{"cname":"盐城","ename":"yancheng","short":"yc","code":"YNZ","countryCode":"CN","countryName":"中国","firstLetter":"Y"},{"cname":"扬州","ename":"yangzhou","short":"yz","code":"YTY","countryCode":"CN","countryName":"中国","firstLetter":"Y"},{"cname":"宜春","ename":"yichun","short":"yc","code":"YIC","countryCode":"CN","countryName":"中国","firstLetter":"Y"},{"cname":"永州","ename":"yongzhou","short":"yz","code":"LLF","countryCode":"CN","countryName":"中国","firstLetter":"Y"}],"Z":[{"cname":"张掖","ename":"zhangye","short":"zy","code":"YZY","countryCode":"CN","countryName":"中国","firstLetter":"Z"},{"cname":"湛江","ename":"zhanjiang","short":"zj","code":"ZHA","countryCode":"CN","countryName":"中国","firstLetter":"Z"},{"cname":"珠海","ename":"zhuhai","short":"zh","code":"ZUH","countryCode":"CN","countryName":"中国","firstLetter":"Z"},{"cname":"舟山","ename":"zhoushan","short":"zs","code":"HSN","countryCode":"CN","countryName":"中国","firstLetter":"Z"},{"cname":"昭通","ename":"zhaotong","short":"zt","code":"ZAT","countryCode":"CN","countryName":"中国","firstLetter":"Z"},{"cname":"中卫","ename":"zhongwei","short":"zw","code":"ZHY","countryCode":"CN","countryName":"中国","firstLetter":"Z"},{"cname":"遵义新舟","ename":"zunyi","short":"zy","code":"ZYI","countryCode":"CN","countryName":"中国","firstLetter":"Z"},{"cname":"张家口","ename":"zhangjiakou","short":"zjk","code":"ZQZ","countryCode":"CN","countryName":"中国","firstLetter":"Z"},{"cname":"郑州","ename":"zhengzhou","short":"zz","code":"CGO","countryCode":"CN","countryName":"中国","firstLetter":"Z"},{"cname":"芷江","ename":"zhijiang","short":"zj","code":"HJJ","countryCode":"CN","countryName":"中国","firstLetter":"Z"},{"cname":"张家界","ename":"zhangjiajie","short":"zjj","code":"DYG","countryCode":"CN","countryName":"中国","firstLetter":"Z"},{"cname":"扎兰屯","ename":"zhalantun","short":"zlt","code":"NZL","countryCode":"CN","countryName":"中国","firstLetter":"Z"},{"cname":"遵义茅台","ename":"zunyimaotai","short":"zymt","code":"WMT","countryCode":"CN","countryName":"中国","firstLetter":"Z"}]}